Time,Predicted Time Average,Predicted Time Std Dev
10,11.797772010197397,0.7093760959598818
20,24.399309759725767,1.1331949313983485
45,49.189063388312015,0.8658213228532
