Time,Predicted Time Average,Predicted Time Std Dev
40,36.74276405380463,9.951187467365518
